ind,activity_label,ctx_a,ctx_b,ctx,endings,source_id,split,split_type,label,ending1,ending2,ending3,ending4,answer
13726,Health,"[header] How to help a child in a wheelchair thrive [title] Install a wheelchair ramp. [step] If any of the doors into your house require stairs, you need to make that entrance accessible. Even if there is another accessible entrance, making all entrances accessible maximizes the child's safety and gives them the same choices as able-bodied people.",,"[header] How to help a child in a wheelchair thrive [title] Install a wheelchair ramp. [step] If any of the doors into your house require stairs, you need to make that entrance accessible. Even if there is another accessible entrance, making all entrances accessible maximizes the child's safety and gives them the same choices as able-bodied people.","[""[substeps] Choose a ramp that has a secure access point and a safe, accessible stairs, just as you would if you were transporting a normal child to the pediatrician's office or to the emergency room. All houses have door-mounted escalators at entry points."", '[substeps] Install the ramp to the rear of your house. This ramp goes into the laundry room (or kitchens/storage spaces) and leads straight down the escalator.', ""[substeps] Generally, four stairs need to hold four adults and seven floors need to hold seven adults. The guidelines aren't too strict, though--not everyone can get across the entire neighborhood on the same stair."", ""[substeps] If a turn is required, make sure it's at least five feet (1.5 meters) square to allow room for the chair. The ramp or path should be built far enough out to have a gentle slope up to the door.""]",wikihow~22699,train,indomain,3,"[substeps] Choose a ramp that has a secure access point and a safe, accessible stairs, just as you would if you were transporting a normal child to the pediatrician's office or to the emergency room. All houses have door-mounted escalators at entry points.",[substeps] Install the ramp to the rear of your house. This ramp goes into the laundry room (or kitchens/storage spaces) and leads straight down the escalator.,"[substeps] Generally, four stairs need to hold four adults and seven floors need to hold seven adults. The guidelines aren't too strict, though--not everyone can get across the entire neighborhood on the same stair.","[substeps] If a turn is required, make sure it's at least five feet (1.5 meters) square to allow room for the chair. The ramp or path should be built far enough out to have a gentle slope up to the door.","[substeps] If a turn is required, make sure it's at least five feet (1.5 meters) square to allow room for the chair. The ramp or path should be built far enough out to have a gentle slope up to the door."
45451,Pets and Animals,"[header] How to know if your dog is losing its eyesight [title] Look for cloudy pupils. [step] When a dog's vision begins to suffer with age, you may notice a change to the eye color itself. Cataracts are often a cause of loss of vision related to age, and can be easily seen by looking at your dog's eyes.",,"[header] How to know if your dog is losing its eyesight [title] Look for cloudy pupils. [step] When a dog's vision begins to suffer with age, you may notice a change to the eye color itself. Cataracts are often a cause of loss of vision related to age, and can be easily seen by looking at your dog's eyes.","['Your dog may also be looking at its corneas, which are the watery areas inside. [substeps] However, cataracts are usually uncommon in older dogs, especially german shepherds.', '[substeps] Normal eyes may begin to blink brightly for a few seconds and then gradually darken again or lose their whites completely. Cataracts often occur if you pet your dog constantly.', ""[substeps] Cataracts are marked by a cloudy appearance around a dog's pupil. Monitor your dog's eyes frequently as it ages, as cataracts are easier to treat and reverse if caught early."", 'When a dog develops cataracts, the color becomes darker and take on a bluish complexion. Peripheral peripheral vision in older dogs may also manifest in a bluish complexion.']",wikihow~74811,train,indomain,2,"Your dog may also be looking at its corneas, which are the watery areas inside. [substeps] However, cataracts are usually uncommon in older dogs, especially german shepherds.",[substeps] Normal eyes may begin to blink brightly for a few seconds and then gradually darken again or lose their whites completely. Cataracts often occur if you pet your dog constantly.,"[substeps] Cataracts are marked by a cloudy appearance around a dog's pupil. Monitor your dog's eyes frequently as it ages, as cataracts are easier to treat and reverse if caught early.","When a dog develops cataracts, the color becomes darker and take on a bluish complexion. Peripheral peripheral vision in older dogs may also manifest in a bluish complexion.","[substeps] Cataracts are marked by a cloudy appearance around a dog's pupil. Monitor your dog's eyes frequently as it ages, as cataracts are easier to treat and reverse if caught early."
17992,Walking the dog,"A group of men have formed together a nice little band. They have a singer, guitarist and even drummer all together trying to make some music.",the signer,"A group of men have formed together a nice little band. They have a singer, guitarist and even drummer all together trying to make some music. the signer","['is very passionate about his work, he gets very into the song.', 'that is representing the gsa sings in his wake.', 'begins to throw the pitch fork and make some music.', 'drums his arms and sway his neck as he good tune the music.']",activitynet~v_9T1C2CW_P0A,train,indomain,0,"is very passionate about his work, he gets very into the song.",that is representing the gsa sings in his wake.,begins to throw the pitch fork and make some music.,drums his arms and sway his neck as he good tune the music.,"is very passionate about his work, he gets very into the song."
47323,Playing kickball,Woman is talking tot he camera and walking through a parking lot. People are standing in a large gren grassy field playing.,men,Woman is talking tot he camera and walking through a parking lot. People are standing in a large gren grassy field playing. men,"['are playing polo in grass holding various goals.', 'are working and goring trees.', 'are inside the race line playing badminton.', 'are in a field playnig throwing a ball.']",activitynet~v_n41Ypwpn-P8,train,indomain,3,are playing polo in grass holding various goals.,are working and goring trees.,are inside the race line playing badminton.,are in a field playnig throwing a ball.,are in a field playnig throwing a ball.
10539,Youth,"[header] How to prepare a child for dating [title] Have the talk with her, explaining what dating is. [step] The time to offer sound advice, and to let the young person know what to expect during a date is before the event. [title] Help the young person choose their wardrobe and make sure they have presentable clothing and accessories to wear during their date.",,"[header] How to prepare a child for dating [title] Have the talk with her, explaining what dating is. [step] The time to offer sound advice, and to let the young person know what to expect during a date is before the event. [title] Help the young person choose their wardrobe and make sure they have presentable clothing and accessories to wear during their date.","['[step] You might go into details such as what is appropriate clothing for different activities, depending on how well the young person already deals with those things. [title] Talk to the young person about exactly where they will be going, and what they are going to do.', '[title] Take them to the beach, get a facial, carry a book, or take them out for a picnic at the beach, whatever is available for the young person. [step] Be prepared to be alone to prevent the teen from acting weird in the presence of other teens.', ""[step] Also, get the girl's clothes and gear from a local seamstress. This helps move the girl in more fluidly throughout a new situation."", ""[title] Have fun! [step] There will be tons of fun in a date and the teen will love to tag along. [title] Visit your teen's school, pick their clothes and accessories, and plan a meal for them.""]",wikihow~17358,train,indomain,0,"[step] You might go into details such as what is appropriate clothing for different activities, depending on how well the young person already deals with those things. [title] Talk to the young person about exactly where they will be going, and what they are going to do.","[title] Take them to the beach, get a facial, carry a book, or take them out for a picnic at the beach, whatever is available for the young person. [step] Be prepared to be alone to prevent the teen from acting weird in the presence of other teens.","[step] Also, get the girl's clothes and gear from a local seamstress. This helps move the girl in more fluidly throughout a new situation.","[title] Have fun! [step] There will be tons of fun in a date and the teen will love to tag along. [title] Visit your teen's school, pick their clothes and accessories, and plan a meal for them.","[step] You might go into details such as what is appropriate clothing for different activities, depending on how well the young person already deals with those things. [title] Talk to the young person about exactly where they will be going, and what they are going to do."
9281,Food and Entertaining,"[header] How to make spicy feta cheese dip [title] Broil the banana peppers. [step] Line a small baking sheet with foil, and set 1 to 2 banana peppers on it. Set them under a preheated broiler, and allow them to roast for 10 to 15 until they become charred on the outside.",,"[header] How to make spicy feta cheese dip [title] Broil the banana peppers. [step] Line a small baking sheet with foil, and set 1 to 2 banana peppers on it. Set them under a preheated broiler, and allow them to roast for 10 to 15 until they become charred on the outside.","['When they become toasted, carefully remove them from the broiler, and set the melted butter on a slotted spoon. Allow the peppers to cool for 3 to 4 minutes, and turn off the broiler.', ""Turn the peppers every 5 minutes to ensure that they're roasted evenly on all sides. [substeps] You can adjust the number of peppers to suit your tastes."", '[substeps] These jalapeños are usually served warm or cold, depending on the season. [title] Place everything in an oven-safe bowl.', ""[substeps] Keep an eye on the peppers as they're roasting, as they'll brown quickly. If they seem to burn or peel when they're roasted, set a timer to make sure they don't burn.""]",wikihow~15313,train,indomain,1,"When they become toasted, carefully remove them from the broiler, and set the melted butter on a slotted spoon. Allow the peppers to cool for 3 to 4 minutes, and turn off the broiler.",Turn the peppers every 5 minutes to ensure that they're roasted evenly on all sides. [substeps] You can adjust the number of peppers to suit your tastes.,"[substeps] These jalapeños are usually served warm or cold, depending on the season. [title] Place everything in an oven-safe bowl.","[substeps] Keep an eye on the peppers as they're roasting, as they'll brown quickly. If they seem to burn or peel when they're roasted, set a timer to make sure they don't burn.",Turn the peppers every 5 minutes to ensure that they're roasted evenly on all sides. [substeps] You can adjust the number of peppers to suit your tastes.
37841,Home and Garden,"[header] How to purchase drafting supplies [title] Select and purchase a drafting table. [step] The drafting table is the most important part of the drafter's tool kit. Look for a table with a height-adjustable tabletop, and one that allows you to adjust the angle of the work surface.",,"[header] How to purchase drafting supplies [title] Select and purchase a drafting table. [step] The drafting table is the most important part of the drafter's tool kit. Look for a table with a height-adjustable tabletop, and one that allows you to adjust the angle of the work surface.","['The standard table will require at least four inches (ten cm) of table space, while an ergonomic tabletop will require as few as 14 inches (20 cm). You can find all sorts of drafting supplies online or in specialty scrap shops.', ""[substeps] Generally, drafting tables can accommodate $1.50 feet (4.92 meters), so you won't need too many. A $1.50 tabletop can be purchased at most home improvement and hardware stores."", ""In the workplace, it's often useful to purchase an adjustable tabletop. Although these systems are generally called tabletop adapters, they are in place as a part of the drafting tool kit."", 'Built-in storage boxes are an option on many tables. Some drafting tables have collapsible legs for transport, but these are not typically as sturdy as their permanent counterparts.']",wikihow~62343,train,indomain,3,"The standard table will require at least four inches (ten cm) of table space, while an ergonomic tabletop will require as few as 14 inches (20 cm). You can find all sorts of drafting supplies online or in specialty scrap shops.","[substeps] Generally, drafting tables can accommodate $1.50 feet (4.92 meters), so you won't need too many. A $1.50 tabletop can be purchased at most home improvement and hardware stores.","In the workplace, it's often useful to purchase an adjustable tabletop. Although these systems are generally called tabletop adapters, they are in place as a part of the drafting tool kit.","Built-in storage boxes are an option on many tables. Some drafting tables have collapsible legs for transport, but these are not typically as sturdy as their permanent counterparts.","Built-in storage boxes are an option on many tables. Some drafting tables have collapsible legs for transport, but these are not typically as sturdy as their permanent counterparts."
42458,Home and Garden,[header] How to make a glue gun [title] Cut apart a soda can to get a flat sheet. [step] Use a craft blade to slice the top and bottom off of a soda can. Use a pair of scissors to cut the tube open to form a flat sheet.,,[header] How to make a glue gun [title] Cut apart a soda can to get a flat sheet. [step] Use a craft blade to slice the top and bottom off of a soda can. Use a pair of scissors to cut the tube open to form a flat sheet.,"['[substeps] Make sure that the soda can is clean. You can clean the metal before or after you cut it.', 'The flat sheet will help to dry the bottles. [title] Mix together isopropyl alcohol and liquid soap.', '[substeps] If you prefer, you can decorate the soda can as you create it. [title] Poke a hole at the top of the soda can.', '[title] Place a pencil mark on the sheet of paper that will become your base. [step] Line up one end of the blank side of your paper with the pointed edge and stuff it with tiny pieces of tube that poke out the other side.']",wikihow~69839,train,indomain,0,[substeps] Make sure that the soda can is clean. You can clean the metal before or after you cut it.,The flat sheet will help to dry the bottles. [title] Mix together isopropyl alcohol and liquid soap.,"[substeps] If you prefer, you can decorate the soda can as you create it. [title] Poke a hole at the top of the soda can.",[title] Place a pencil mark on the sheet of paper that will become your base. [step] Line up one end of the blank side of your paper with the pointed edge and stuff it with tiny pieces of tube that poke out the other side.,[substeps] Make sure that the soda can is clean. You can clean the metal before or after you cut it.
27855,Cars & Other Vehicles,[header] How to remove a boat from a trailer with a portable boat lift [title] Inflate the tires on your trailer to the maximum allowed on the tires' sidewall. [title] Chock each of the boat trailer wheels on both sides of the trailer in front and in back of the wheels. [title] Lower the tongue of the boat trailer as low as it will go to raise the transom as high as it will go.,,[header] How to remove a boat from a trailer with a portable boat lift [title] Inflate the tires on your trailer to the maximum allowed on the tires' sidewall. [title] Chock each of the boat trailer wheels on both sides of the trailer in front and in back of the wheels. [title] Lower the tongue of the boat trailer as low as it will go to raise the transom as high as it will go.,"['[title] Unsnap the hitch pulley and in turn remove the three-gallon hose from the front of the trailer. [title] Reach up and unscrew the restraints on the back of the trailer.', '[title] Increase the torque and the motor that is in the trailer to raise the tongue back up. [step] You will need to properly adjust the weight and lift the tongue back up.', '[title] Set your boat stands under the transom and snug them up one turn past tight. [title] Raise the tongue of the trailer as high as it will go.', '[title] Tilt the trailer slightly forward by pushing the allen lever and keeping your shoulder blades close to the bottom. [title] Shut the engine if you have not done so already.']",wikihow~45889,train,indomain,2,[title] Unsnap the hitch pulley and in turn remove the three-gallon hose from the front of the trailer. [title] Reach up and unscrew the restraints on the back of the trailer.,[title] Increase the torque and the motor that is in the trailer to raise the tongue back up. [step] You will need to properly adjust the weight and lift the tongue back up.,[title] Set your boat stands under the transom and snug them up one turn past tight. [title] Raise the tongue of the trailer as high as it will go.,[title] Tilt the trailer slightly forward by pushing the allen lever and keeping your shoulder blades close to the bottom. [title] Shut the engine if you have not done so already.,[title] Set your boat stands under the transom and snug them up one turn past tight. [title] Raise the tongue of the trailer as high as it will go.
5514,Drinking coffee,The two then begin staring at each other intensely before the guy takes a drink of his tea with the spoon still in it.,he,The two then begin staring at each other intensely before the guy takes a drink of his tea with the spoon still in it. he,"['as well as the coffees; then jumps quite suddenly off the table into the mouth of a woman.', 'then moves the teaspoon as far as he can, comes in contact with the tea glass and begins to drink that as well.', 'becomes embarrassed and the lady starts drinking her tea and playing with her dog.', 'drains all of it in one gulp and bumps his head on the area where he just knocked his head made on the table.']",activitynet~v_1mYtNMDFyXQ,train,indomain,2,as well as the coffees; then jumps quite suddenly off the table into the mouth of a woman.,"then moves the teaspoon as far as he can, comes in contact with the tea glass and begins to drink that as well.",becomes embarrassed and the lady starts drinking her tea and playing with her dog.,drains all of it in one gulp and bumps his head on the area where he just knocked his head made on the table.,becomes embarrassed and the lady starts drinking her tea and playing with her dog.
36259,Chopping wood,A man is seen laying out a piece of wood. He then holds up an ax.,finally he,A man is seen laying out a piece of wood. He then holds up an ax. finally he,"['picks up a bottle of juicer.', 'uses a paintbrush to paint along the wood.', 'swings it back down.', 'takes the axe and begins carving away into the wood.']",activitynet~v_JZz2O0y0ufY,train,indomain,2,picks up a bottle of juicer.,uses a paintbrush to paint along the wood.,swings it back down.,takes the axe and begins carving away into the wood.,swings it back down.
17890,Computers and Electronics,"[header] How to redline a document in microsoft word [title] Open the document you wish to edit. [title] In the toolbar at the top of the screen, click the "" review "" tab. [step] This tab contains tools to help with spell checking and editing, including the "" track changes "" feature.",,"[header] How to redline a document in microsoft word [title] Open the document you wish to edit. [title] In the toolbar at the top of the screen, click the "" review "" tab. [step] This tab contains tools to help with spell checking and editing, including the "" track changes "" feature.","['[title] Navigate to the toolbar menu on the upper left corner of your page, and find "" font "" (column in the group). [title] In the drop-down menu, click on "" form "" (column in the group).', '[title] Click on the text you wish to modify using the text tool at the lower left. [title] Enter text if the text file path isn\'t there, or select "" replace this file "" from the options below.', '[title] Click the edit-] "" cover adding "" button. [step] This will display multiple options for each word that you edit.', '[title] Click the "" track changes "" button to enable track changes. [step] This feature places a red line in the margins next to any edited text.']",wikihow~29537,train,indomain,3,"[title] Navigate to the toolbar menu on the upper left corner of your page, and find "" font "" (column in the group). [title] In the drop-down menu, click on "" form "" (column in the group).","[title] Click on the text you wish to modify using the text tool at the lower left. [title] Enter text if the text file path isn't there, or select "" replace this file "" from the options below.","[title] Click the edit-] "" cover adding "" button. [step] This will display multiple options for each word that you edit.","[title] Click the "" track changes "" button to enable track changes. [step] This feature places a red line in the margins next to any edited text.","[title] Click the "" track changes "" button to enable track changes. [step] This feature places a red line in the margins next to any edited text."
13323,Baking cookies,She begins with all the ingredients she will need for the cookies and begins to combine the dry ingredients. She then proceeds to mix the wet ingredients in a glass bowl.,after she,She begins with all the ingredients she will need for the cookies and begins to combine the dry ingredients. She then proceeds to mix the wet ingredients in a glass bowl. after she,"['mixes all the ingredients together she begins to roll the dough into balls and place them onto a cookie sheet, and puts them into the oven.', ""'s done adding the materials together, she takes a napkin, wiping at her face before putting cookie dough on it."", ""'s done making the cookies, she then checks the timer on the oven, which is then unexpectedly turned on."", ""'s done mixing, she takes a cookie of her own creation and gives it to the man who will be eating and listening.""]",activitynet~v_bGql7ldp84A,train,indomain,0,"mixes all the ingredients together she begins to roll the dough into balls and place them onto a cookie sheet, and puts them into the oven.","'s done adding the materials together, she takes a napkin, wiping at her face before putting cookie dough on it.","'s done making the cookies, she then checks the timer on the oven, which is then unexpectedly turned on.","'s done mixing, she takes a cookie of her own creation and gives it to the man who will be eating and listening.","mixes all the ingredients together she begins to roll the dough into balls and place them onto a cookie sheet, and puts them into the oven."
8972,Relationships,"[header] How to master the art of kissing [title] Make sure your lips aren't dry-moistening them (but not too much) makes it easier for your lips to slide over your partner's. [step] Use colorless, stick lip balm for best results. Squeezable balm will work too but use in moderation.",,"[header] How to master the art of kissing [title] Make sure your lips aren't dry-moistening them (but not too much) makes it easier for your lips to slide over your partner's. [step] Use colorless, stick lip balm for best results. Squeezable balm will work too but use in moderation.","['Remember that lips are not dried out yet but are still chapped. [title] Brush your breath across your lips while your partner is kissing, a saliva drop and a kiss from your other partner comes second.', ""[title] Tilt your head away from your partner's mouth. [step] Roll your head to the side so that your lips meet again."", ""[title] Don't use too much lip balm on your lips. [step] Dry-brushing your lips with a little extra isn't always enough, especially if your lips feel chapped, sore, sensitive, or the tip of your tongue gets irritated."", ""You don't want to smear shiny carmex all over your partner. [title] Let your partner take the lead sometimes and get used to his or her style.""]",wikihow~14780,train,indomain,3,"Remember that lips are not dried out yet but are still chapped. [title] Brush your breath across your lips while your partner is kissing, a saliva drop and a kiss from your other partner comes second.",[title] Tilt your head away from your partner's mouth. [step] Roll your head to the side so that your lips meet again.,"[title] Don't use too much lip balm on your lips. [step] Dry-brushing your lips with a little extra isn't always enough, especially if your lips feel chapped, sore, sensitive, or the tip of your tongue gets irritated.",You don't want to smear shiny carmex all over your partner. [title] Let your partner take the lead sometimes and get used to his or her style.,You don't want to smear shiny carmex all over your partner. [title] Let your partner take the lead sometimes and get used to his or her style.
35506,Food and Entertaining,[header] How to deal with a friend who needs to be the center of attention [title] Love the positive-and the negative. [step] No person is all sunshine and roses and every friendship has many layers. Being someone's friend means accepting every facet of his or her personality.,,[header] How to deal with a friend who needs to be the center of attention [title] Love the positive-and the negative. [step] No person is all sunshine and roses and every friendship has many layers. Being someone's friend means accepting every facet of his or her personality.,"[""Accept that your friend needs to be the center of attention, but also that they have other wonderful qualities. [substeps] Focus on your friend's positive qualities as much as you can, even in situations where the person needs to be in the spotlight."", 'In order to enjoy the relationship you will have to strive to be good-natured, "" empathetic "", and "" positive "". [substeps] Be your friends\' sunshine, not their enemies\'.', 'A good friend is a person who will hold themselves together and be brave, feeling safe and protected in whatever situations that impact their level of happiness and wellbeing. [title] Treat people the way that they should be treated.', ""Without love, your friendship will be meaningless. [substeps] If you don't love everything about your friend, you'll find that you're dealing with a lot more than you realize.""]",wikihow~58484,train,indomain,0,"Accept that your friend needs to be the center of attention, but also that they have other wonderful qualities. [substeps] Focus on your friend's positive qualities as much as you can, even in situations where the person needs to be in the spotlight.","In order to enjoy the relationship you will have to strive to be good-natured, "" empathetic "", and "" positive "". [substeps] Be your friends' sunshine, not their enemies'.","A good friend is a person who will hold themselves together and be brave, feeling safe and protected in whatever situations that impact their level of happiness and wellbeing. [title] Treat people the way that they should be treated.","Without love, your friendship will be meaningless. [substeps] If you don't love everything about your friend, you'll find that you're dealing with a lot more than you realize.","Accept that your friend needs to be the center of attention, but also that they have other wonderful qualities. [substeps] Focus on your friend's positive qualities as much as you can, even in situations where the person needs to be in the spotlight."
17471,Food and Entertaining,"[header] How to make healthy snacks as a kid [title] Use different shapes. [step] You can choose simple shapes like squares, triangles, and circles, or more complex shapes like owls. For instance, if you think the plain square-shaped sandwich is boring, use a knife to cut from the bottom left corner towards the center of the sandwich's top edge.",,"[header] How to make healthy snacks as a kid [title] Use different shapes. [step] You can choose simple shapes like squares, triangles, and circles, or more complex shapes like owls. For instance, if you think the plain square-shaped sandwich is boring, use a knife to cut from the bottom left corner towards the center of the sandwich's top edge.","[""Be careful what type of sandwich you use when designing your child's lunch. [title] Don't get your bread too thin."", 'To make a cone for a pizza, use a cookie cutter, scissor, gripper, or hibiscus to cut into a cone shape. [title] Try realistic shapes like the round chocolate faces.', ""Then cut another identically-sized piece from the bottom-right corner toward the same point. You'll now have three triangle-shaped sandwiches (tri-wiches)."", 'Eat a piece of pizza first to earn a bowl of peanut butter. For every piece of pizza you slice out, put three dice at the bottom of a glass or bowl.']",wikihow~28851,train,indomain,2,Be careful what type of sandwich you use when designing your child's lunch. [title] Don't get your bread too thin.,"To make a cone for a pizza, use a cookie cutter, scissor, gripper, or hibiscus to cut into a cone shape. [title] Try realistic shapes like the round chocolate faces.",Then cut another identically-sized piece from the bottom-right corner toward the same point. You'll now have three triangle-shaped sandwiches (tri-wiches).,"Eat a piece of pizza first to earn a bowl of peanut butter. For every piece of pizza you slice out, put three dice at the bottom of a glass or bowl.",Then cut another identically-sized piece from the bottom-right corner toward the same point. You'll now have three triangle-shaped sandwiches (tri-wiches).
10378,Playing congas,We see a lady slowly playing a drum. We pan right and see a man on drums. We see a person in orange enter.,the lady,We see a lady slowly playing a drum. We pan right and see a man on drums. We see a person in orange enter. the lady,"['lays on the floor and we see the ending title screen.', 'stops drumming and shows her hands.', 'turns the camera left.', 'finishes playing the song and tap her heart.']",activitynet~v_2xmu01HHhKY,train,indomain,1,lays on the floor and we see the ending title screen.,stops drumming and shows her hands.,turns the camera left.,finishes playing the song and tap her heart.,stops drumming and shows her hands.
22946,Drum corps,A band is marching down a street playing drums. A woman in a black hat is standing on the street watching them.,people,A band is marching down a street playing drums. A woman in a black hat is standing on the street watching them. people,"['are dancing on a street in tortilla style costumes.', 'are standing up watching the band.', 'are sitting on stands cheering them on.', 'walks passed the street as they march.']",activitynet~v_YSO5CGeeTmE,train,indomain,1,are dancing on a street in tortilla style costumes.,are standing up watching the band.,are sitting on stands cheering them on.,walks passed the street as they march.,are standing up watching the band.
43078,Using the pommel horse,A gymnast is seen standing with his arms out and hops on a board.,he,A gymnast is seen standing with his arms out and hops on a board. he,"['flips across the track quickly.', 'turns around and assembles his arm across his head.', 'jumps off into the water holding onto other things and leads into more close ups.', 'then begins spinning himself around while judges watch on the sides.']",activitynet~v_YwUW6Qh_5TA,train,indomain,3,flips across the track quickly.,turns around and assembles his arm across his head.,jumps off into the water holding onto other things and leads into more close ups.,then begins spinning himself around while judges watch on the sides.,then begins spinning himself around while judges watch on the sides.
36467,Discus throw,A man holds a discus while swinging his arm. The man swings and throws the discus.,the man,A man holds a discus while swinging his arm. The man swings and throws the discus. the man,"['misses but continues swinging his arm.', 'steps on the slack line.', 'hits the object that is suspended above him.', 'watches the discus fly.']",activitynet~v_Q0U51Hqn21w,train,indomain,3,misses but continues swinging his arm.,steps on the slack line.,hits the object that is suspended above him.,watches the discus fly.,watches the discus fly.
25089,Health,"[header] How to put on a gait belt [title] Wash your hands. [step] Before handling the equipment or the patient, you should wash your hands thoroughly with soap and warm water. [title] Explain the process.",,"[header] How to put on a gait belt [title] Wash your hands. [step] Before handling the equipment or the patient, you should wash your hands thoroughly with soap and warm water. [title] Explain the process.","['[step] You will probably use gloves when working with equipment which requires smooth, even contact with skin and other touch appropriate objects. Explain to them that you are going to purchase a new belt, and that this is a new product-not a routine buy.', '[step] Tell the patient that they can take off their belt if they want and that they can make a new one. If they insist upon this step, let them know that if you prefer, you do not have to make them a new one at all.', '[step] Let the patient know that you intend to put the gait belt on. Describe how it goes on, what it will be used for, and when it will be removed.', '[step] You do not want to upset the patient. Be brief, but tell them what happens to the belt while you take it off.']",wikihow~41355,train,indomain,2,"[step] You will probably use gloves when working with equipment which requires smooth, even contact with skin and other touch appropriate objects. Explain to them that you are going to purchase a new belt, and that this is a new product-not a routine buy.","[step] Tell the patient that they can take off their belt if they want and that they can make a new one. If they insist upon this step, let them know that if you prefer, you do not have to make them a new one at all.","[step] Let the patient know that you intend to put the gait belt on. Describe how it goes on, what it will be used for, and when it will be removed.","[step] You do not want to upset the patient. Be brief, but tell them what happens to the belt while you take it off.","[step] Let the patient know that you intend to put the gait belt on. Describe how it goes on, what it will be used for, and when it will be removed."
2733,Finance and Business,"[header] How to open a lawn doctor franchise [title] Determine whether you have the financial qualifications for becoming a lawn doctor franchisee. [step] The total initial investment for a lawn doctor franchise falls into the range of $68 , 387-$98 , 237. You must meet the basic minimum qualifications : [substeps] Have $50 , 000 in liquid capital.",,"[header] How to open a lawn doctor franchise [title] Determine whether you have the financial qualifications for becoming a lawn doctor franchisee. [step] The total initial investment for a lawn doctor franchise falls into the range of $68 , 387-$98 , 237. You must meet the basic minimum qualifications : [substeps] Have $50 , 000 in liquid capital.","['Do not have very good profit projections of financial expenses. Do not have access to ground transportation for customers.', 'The liquid capital requirement may depend on what your total initial investment will be, including any discounts you may qualify for. Have a net worth of $250 , 000 keep in mind that lawn doctor has an initial license fee of $30 , 000, and requires some working capital.', 'You must also be at least 40 years of age. Have the work experience and outside skills required.', 'Have excellent communication skills, pay stubs, and also extensive training. Have no high school diploma or ged or another equivalent.']",wikihow~4493,train,indomain,1,Do not have very good profit projections of financial expenses. Do not have access to ground transportation for customers.,"The liquid capital requirement may depend on what your total initial investment will be, including any discounts you may qualify for. Have a net worth of $250 , 000 keep in mind that lawn doctor has an initial license fee of $30 , 000, and requires some working capital.",You must also be at least 40 years of age. Have the work experience and outside skills required.,"Have excellent communication skills, pay stubs, and also extensive training. Have no high school diploma or ged or another equivalent.","The liquid capital requirement may depend on what your total initial investment will be, including any discounts you may qualify for. Have a net worth of $250 , 000 keep in mind that lawn doctor has an initial license fee of $30 , 000, and requires some working capital."
14898,Home and Garden,"[header] How to grow cape plumbago [title] Obtain the plant. [step] Either ask for the cape plumbago from your local nursery or garden center, or get a cutting from someone you know is growing it. [substeps] If propagating the plant, use semi-ripe cuttings obtained during summer.",,"[header] How to grow cape plumbago [title] Obtain the plant. [step] Either ask for the cape plumbago from your local nursery or garden center, or get a cutting from someone you know is growing it. [substeps] If propagating the plant, use semi-ripe cuttings obtained during summer.","['[title] Select a suitable place for growing the plant. [step] Cape plumbago likes moderately rich soil.', 'If growing the plant indoors, transplant in mid-spring. If growing a bovine, cut with a sharp knife.', 'Remove the cuttings and decide which kind you would like to grow. [title] Use damp or natural soil as the base of the cape plumbago plant.', 'Do not use the softened cuttings for fertilizing since pesticides tend to sap the plant. If using the seeds, replant the seeds in 6-12 weeks, depending on plant size.']",wikihow~24646,train,indomain,0,[title] Select a suitable place for growing the plant. [step] Cape plumbago likes moderately rich soil.,"If growing the plant indoors, transplant in mid-spring. If growing a bovine, cut with a sharp knife.",Remove the cuttings and decide which kind you would like to grow. [title] Use damp or natural soil as the base of the cape plumbago plant.,"Do not use the softened cuttings for fertilizing since pesticides tend to sap the plant. If using the seeds, replant the seeds in 6-12 weeks, depending on plant size.",[title] Select a suitable place for growing the plant. [step] Cape plumbago likes moderately rich soil.
21069,Travel,[header] How to obtain a driver's license in ethiopia [title] Be aware of the licensing requirement to drive in ethiopia. [step] Know that you cannot rent and drive a car in ethiopia just because you have a home driver's license issued in your country and perhaps did so several times in another foreign country. The same holds true even if you are holder of an international driver's permit.,,[header] How to obtain a driver's license in ethiopia [title] Be aware of the licensing requirement to drive in ethiopia. [step] Know that you cannot rent and drive a car in ethiopia just because you have a home driver's license issued in your country and perhaps did so several times in another foreign country. The same holds true even if you are holder of an international driver's permit.,"['[substeps] It is illegal in ethiopia to rent a vehicle from another country. At healthcare facilities, you can also rent a vehicle from another country.', '[title] Make sure you have at least the essentials. [step] Certain items can make an accident much worse than others.', ""In other words, you are required to acquire an ethiopian driver's license. [title] Decide how you wish to acquire an ethiopian driver's license."", '[title] Be able to sell and operate an operating business in ethiopia. [step] The goods you sell should be foreign.']",wikihow~34770,train,indomain,2,"[substeps] It is illegal in ethiopia to rent a vehicle from another country. At healthcare facilities, you can also rent a vehicle from another country.",[title] Make sure you have at least the essentials. [step] Certain items can make an accident much worse than others.,"In other words, you are required to acquire an ethiopian driver's license. [title] Decide how you wish to acquire an ethiopian driver's license.",[title] Be able to sell and operate an operating business in ethiopia. [step] The goods you sell should be foreign.,"In other words, you are required to acquire an ethiopian driver's license. [title] Decide how you wish to acquire an ethiopian driver's license."
38434,Food and Entertaining,"[header] How to clean a pet brush or comb [title] Remove all fur from the brush or comb. [step] Before preparing your cleaning solution, pick out visible hairs and dirt from the brush's pad and bristles. You can do this with your thumb and forefinger, or with an old toothbrush or comb.",,"[header] How to clean a pet brush or comb [title] Remove all fur from the brush or comb. [step] Before preparing your cleaning solution, pick out visible hairs and dirt from the brush's pad and bristles. You can do this with your thumb and forefinger, or with an old toothbrush or comb.","['This can help remove stubborn hair in the bristles. [substeps] If you have a number of pets, you may be able to do this yourself or keep them with you.', ""[substeps] Don't worry if you can't dig out every last speck of visible dirt or dander. The soak will loosen up and extract most things, so just aim to remove the most glaring clumps of hair and buildup."", 'Clean all surfaces of the brush and comb. Then, run your fingers across the bristles to clear away more fur.', 'Then pat these areas dry with a clean, soft cloth. [substeps] If you have pets, keep them away from your brushes as they could cause more problems.']",wikihow~63299,train,indomain,1,"This can help remove stubborn hair in the bristles. [substeps] If you have a number of pets, you may be able to do this yourself or keep them with you.","[substeps] Don't worry if you can't dig out every last speck of visible dirt or dander. The soak will loosen up and extract most things, so just aim to remove the most glaring clumps of hair and buildup.","Clean all surfaces of the brush and comb. Then, run your fingers across the bristles to clear away more fur.","Then pat these areas dry with a clean, soft cloth. [substeps] If you have pets, keep them away from your brushes as they could cause more problems.","[substeps] Don't worry if you can't dig out every last speck of visible dirt or dander. The soak will loosen up and extract most things, so just aim to remove the most glaring clumps of hair and buildup."
13995,Food and Entertaining,"[header] How to help kids with homework in secondary school [title] Don't wait for your child to ask for help. [step] Middle schoolers often see themselves as independent and because of that don't ask for help. If you see your child struggling, go and help.",,"[header] How to help kids with homework in secondary school [title] Don't wait for your child to ask for help. [step] Middle schoolers often see themselves as independent and because of that don't ask for help. If you see your child struggling, go and help.","[""Avoid yourself and don't do chores your child doesn't need your help with. [substeps] You will be more likely to understand the problem if it is rather complex."", 'Most children will appreciate being offered a meal, a ride home, and anything else you can do to help them. [title] Encourage your child to take his or her homework to a tutor.', '[title] Have your kid do homework; they will see you as self-sufficient, responsible and a trusted person. [step] Kids usually need homework to do maths.', '[title] Familiarize yourself with the topics being covered. [step] Especially as your child goes into the more advanced math or a class you never took, make sure you know the topic well enough that you can explain it.']",wikihow~23165,train,indomain,3,Avoid yourself and don't do chores your child doesn't need your help with. [substeps] You will be more likely to understand the problem if it is rather complex.,"Most children will appreciate being offered a meal, a ride home, and anything else you can do to help them. [title] Encourage your child to take his or her homework to a tutor.","[title] Have your kid do homework; they will see you as self-sufficient, responsible and a trusted person. [step] Kids usually need homework to do maths.","[title] Familiarize yourself with the topics being covered. [step] Especially as your child goes into the more advanced math or a class you never took, make sure you know the topic well enough that you can explain it.","[title] Familiarize yourself with the topics being covered. [step] Especially as your child goes into the more advanced math or a class you never took, make sure you know the topic well enough that you can explain it."
18016,Health,"[header] How to apply emergency dental care techniques until you can see a dentist [title] Rinse the mouth out with warm water to clean it out. [title] Gently use dental floss or an inter dental cleaner to ensure that there is no food or other debris caught between the teeth. [title] Never put aspirin or any other painkiller against the gums near the aching tooth, because it may burn the gum tissue.",,"[header] How to apply emergency dental care techniques until you can see a dentist [title] Rinse the mouth out with warm water to clean it out. [title] Gently use dental floss or an inter dental cleaner to ensure that there is no food or other debris caught between the teeth. [title] Never put aspirin or any other painkiller against the gums near the aching tooth, because it may burn the gum tissue.","[""[title] Always brush your teeth using unflavored dental floss. [title] Don't rinse your mouth with salty food, as it may dissolve some of the beneficial bacteria."", '[title] Take plastic or white tablets to reduce pain and swelling. [step] You can also use a cotton swab to catch any food stuck between the teeth.', '[title] Clean up the area around the wisdom tooth. [step] Use pain relieving mouthwash, cold water for mild pain, or a soft washcloth to avoid getting any.', '[step] If the pain persists, contact your dentist. [title] Rinse your mouth with warm water to clean the area.']",wikihow~29738,train,indomain,3,"[title] Always brush your teeth using unflavored dental floss. [title] Don't rinse your mouth with salty food, as it may dissolve some of the beneficial bacteria.",[title] Take plastic or white tablets to reduce pain and swelling. [step] You can also use a cotton swab to catch any food stuck between the teeth.,"[title] Clean up the area around the wisdom tooth. [step] Use pain relieving mouthwash, cold water for mild pain, or a soft washcloth to avoid getting any.","[step] If the pain persists, contact your dentist. [title] Rinse your mouth with warm water to clean the area.","[step] If the pain persists, contact your dentist. [title] Rinse your mouth with warm water to clean the area."
45830,Braiding hair,Image and clips of a blond hair stylist braiding her hair.,the hairstylist,Image and clips of a blond hair stylist braiding her hair. the hairstylist,"['then places her braided hair into a bun.', 'cuts a bob style that comes out slightly backwards and shows her long hair.', 'then begins to apply paste to her hair and he places gel onto it as well.', 'cuts the hairstyle and ends with hair spray and artwork lining the back of different styles the woman used.']",activitynet~v_9AOVI0OCZqg,train,indomain,0,then places her braided hair into a bun.,cuts a bob style that comes out slightly backwards and shows her long hair.,then begins to apply paste to her hair and he places gel onto it as well.,cuts the hairstyle and ends with hair spray and artwork lining the back of different styles the woman used.,then places her braided hair into a bun.
32900,Relationships,"[header] How to tell someone they are beautiful [title] Say it when you feel it. [step] You don't need an excuse to tell anyone that he or she is beautiful. Sometimes there really isn't a "" reason "" to tell someone they're beautiful; but you do it anyway.",,"[header] How to tell someone they are beautiful [title] Say it when you feel it. [step] You don't need an excuse to tell anyone that he or she is beautiful. Sometimes there really isn't a "" reason "" to tell someone they're beautiful; but you do it anyway.","['No one would ever know what you meant to say in the first place. See this article how to tell someone they are beautiful by saying, "" believe me, she\'s beautiful.', ""Maybe the light's hitting them just right; maybe they're wearing a stunning gown; or maybe you want to kiss them. If you feel an overwhelming urge to tell someone that he or she is beautiful: just do it."", ""[substeps] You've been told you can be beautiful no matter what, but hearing the word is generally better than being told to dress like a clown. [title] Say it to someone you don't know."", 'Maybe he or she made you feel special or did something great for you, even if what others are telling you is a fake. [substeps] Say something nice if your loved one reacts negatively.']",wikihow~54228,train,indomain,1,"No one would ever know what you meant to say in the first place. See this article how to tell someone they are beautiful by saying, "" believe me, she's beautiful.",Maybe the light's hitting them just right; maybe they're wearing a stunning gown; or maybe you want to kiss them. If you feel an overwhelming urge to tell someone that he or she is beautiful: just do it.,"[substeps] You've been told you can be beautiful no matter what, but hearing the word is generally better than being told to dress like a clown. [title] Say it to someone you don't know.","Maybe he or she made you feel special or did something great for you, even if what others are telling you is a fake. [substeps] Say something nice if your loved one reacts negatively.",Maybe the light's hitting them just right; maybe they're wearing a stunning gown; or maybe you want to kiss them. If you feel an overwhelming urge to tell someone that he or she is beautiful: just do it.
41363,Finance and Business,"[header] How to change from temporary to permanent guardianship [title] Identify why the guardianship should be permanent. [step] In order to change to a permanent guardianship, you need to explain to a judge why the parents cannot take care of their child once the temporary guardianship has ended. If you want permanent guardianship of an incapacitated adult, then you should also be able to explain why.",,"[header] How to change from temporary to permanent guardianship [title] Identify why the guardianship should be permanent. [step] In order to change to a permanent guardianship, you need to explain to a judge why the parents cannot take care of their child once the temporary guardianship has ended. If you want permanent guardianship of an incapacitated adult, then you should also be able to explain why.","['Try to fill out forms requesting or extending power of attorney so that only the judge and the parents know you have the power to give guardianship to the child. [title] Learn the law in your state and local governments.', 'If you say you are unable to take care of the child, then the parents should understand that your guardianship could be permanent. [substeps] Also answer if someone has a legal duty to provide sufficient care and supervised supervision for the child.', 'There might be many reasons, including any of the following : [substeps] The parents have died. This might be the most obvious reason why a temporary guardianship should be made permanent.', 'The example is : [substeps] The parents cannot stop taking care of their child after the temporary guardianship has ended. The father is allowed to spend time with his child and provide home care to the child.']",wikihow~68073,train,indomain,2,Try to fill out forms requesting or extending power of attorney so that only the judge and the parents know you have the power to give guardianship to the child. [title] Learn the law in your state and local governments.,"If you say you are unable to take care of the child, then the parents should understand that your guardianship could be permanent. [substeps] Also answer if someone has a legal duty to provide sufficient care and supervised supervision for the child.","There might be many reasons, including any of the following : [substeps] The parents have died. This might be the most obvious reason why a temporary guardianship should be made permanent.",The example is : [substeps] The parents cannot stop taking care of their child after the temporary guardianship has ended. The father is allowed to spend time with his child and provide home care to the child.,"There might be many reasons, including any of the following : [substeps] The parents have died. This might be the most obvious reason why a temporary guardianship should be made permanent."
